{
    "Document_Object_Model": 929.5900000000003,
    "ms": 1065.67,
    "Credential_Management_API": 808.8299999999999,
    "Web_Animations_API": 996.8100000000001,
    "Keyboard": 973.8600000000004,
    "Pointer_events": 951.6700000000001,
    "MediaStream_Image_Capture_API": 983.85,
    "Web_Audio_API": 917.6000000000004,
    "Touch_events": 831.9599999999998,
    "Encrypted_Media_Extensions_API": 900.4500000000002,
    "Geolocation_API": 791.1399999999999,
    "HTMLElement": 767.9399999999999,
    "unknown_api": 966.5500000000002,
    "Crypto": 971.0,
    "Intersection_Observer_API": 902.41,
    "Sensors": 764.2099999999999,
    "WebVTT_API": 844.28,
    "Payment_Request_API": 881.3000000000002,
    "Mouse": 788.6199999999999,
    "CSS_Object_Model": 827.33,
    "Media_Source_Extensions_API": 923.1699999999998,
    "Web_MIDI_API": 1026.4899999999998,
    "Sensor_APIs": 1095.55,
    "WebRTC": 958.2800000000002,
    "WebRTC_API": 916.7299999999994,
    "Screen_Wake_Lock_API": 1200.0,
    "Gamepad_API": 1068.89,
    "Canvas_API": 957.7099999999999,
    "IndexedDB_API": 892.8200000000002,
    "Web_Bluetooth_API": 975.9899999999997,
    "EventsListeners": 847.5400000000002,
    "Web_Authentication_API": 983.7399999999999,
    "WebVR_API": 1010.46,
    "HMDVRDevice": 1516.9600000000003,
    "Page_Visibility_API": 1224.17,
    "File_and_Directory_Entries_API": 884.3499999999996,
    "WebGL_API": 997.3399999999996,
    "Web_Speech_API": 945.3500000000001,
    "WebXR_Device_API": 1017.8999999999999,
    "Streams_API": 977.5200000000002,
    "Cookie": 1200.0,
    "CookieChangeEvent": 3000.0,
    "Performance": 1054.06,
    "File_System_Access_API": 1071.4,
    "WebXR": 1171.58,
    "CSS": 1074.63,
    "Stream": 950.0000000000001,
    "WebSockets_API": 1241.64,
    "DOMInteraction": 841.7800000000002,
    "USB": 1000.94,
    "Presentation_API": 1002.75,
    "Visual_Viewport_API": 1206.25,
    "Media_Session_API": 985.8599999999999,
    "Web_Crypto_API": 979.8,
    "Web_Workers_API": 888.6799999999998,
    "Payment": 1004.67,
    "Long_Tasks_API": 865.5899999999999,
    "Media_Streams_API": 1049.0900000000001,
    "Storage_API": 981.9399999999999,
    "Navigator": 690.22,
    "Service_Worker_API": 963.09,
    "Contact_Picker_API": 1500.0,
    "Push_API": 996.6599999999999,
    "URL_API": 890.1600000000001,
    "Fetch_API": 1335.0,
    "Web_Storage_API": 1096.4099999999999,
    "Network_Information_API": 1008.0899999999999,
    "Background_Tasks_API": 1158.3200000000002,
    "HIDConnectionEvent": 1142.8999999999999,
    "Channel_Messaging_API": 1020.1700000000001,
    "MediaStream_Recording_API": 1500.0,
    "Fullscreen_API": 1500.0,
    "Clipboard_API": 1097.3799999999999,
    "ElementInternals": 993.46,
    "Resize_Observer_API": 1180.0,
    "HTML_Sanitizer_API": 1250.0,
    "Media_Capabilities_API": 932.08,
    "Barcode_Detection_API": 1125.0,
    "Proximity_Events": 1350.0,
    "CSS_Painting_API": 1333.3,
    "Battery_Status_API": 937.93,
    "XMLHttpRequest": 791.6700000000001
}